Salutation,Name,Phone,Email
Mr.,Forman,8603609884,SixtaMyrick855@nowhere.com
Mr,Andrew,4184838075,hcec8@nowhere.com
Mrs.,Harman,4309047721,seriad12@example.com
Mrs,Perryman,81598610,Kilpatrick362@nowhere.com
Dr.,Seay,9758128795,Quinn_V.Kuykendall@nowhere.com
Ms.,Knott,6163704101,SofiaSimmons@example.com
Dr,Trice,2085679104,Pierce@example.com
Miss,Crocker,8433134851,MonroePurnell@nowhere.com
Ms,Harmon,2364228199,lyimakrd09@example.com
Prof.,Broyles,1450550775,ClintonWilcox48@example.com
Mr.,Forman,8603609884,SixtaMyrick855@nowhere.com
Mr,Andrew,4184838075,hcec8@nowhere.com
Mrs.,Harman,4309047721,seriad12@example.com
Mrs,Perryman,81598610,Kilpatrick362@nowhere.com
Dr.,Seay,9758128795,Quinn_V.Kuykendall@nowhere.com
Ms.,Knott,6163704101,SofiaSimmons@example.com
Dr,Trice,2085679104,Pierce@example.com
Miss,Crocker,8433134851,MonroePurnell@nowhere.com
Ms,Harmon,2364228199,lyimakrd09@example.com
Prof.,Broyles,1450550775,ClintonWilcox48@example.com
